Time,Anomaly (deg C)
1850-01,-0.67456436
1850-02,-0.333416
1850-03,-0.59132266
1850-04,-0.58872116
1850-05,-0.50881654
1850-06,-0.34424013
1850-07,-0.15979019
1850-08,-0.2076543
1850-09,-0.3847069
1850-10,-0.53312653
1850-11,-0.2825075
1850-12,-0.40367043
1851-01,-0.20073938
1851-02,-0.46933234
1851-03,-0.6460531
1851-04,-0.5421326
1851-05,-0.19762275
1851-06,-0.13670355
1851-07,-0.0968156
1851-08,-0.10175375
1851-09,-0.091244884
1851-10,-0.00836263
1851-11,-0.08189084
1851-12,-0.22754622
1852-01,-0.37509567
1852-02,-0.47672674
1852-03,-0.5597683
1852-04,-0.5853704
1852-05,-0.12741269
1852-06,-0.083659135
1852-07,0.005029385
1852-08,-0.13558698
1852-09,-0.00190167
1852-10,-0.172434
1852-11,-0.3052479
1852-12,0.065385304
1853-01,-0.23259853
1853-02,-0.40372267
1853-03,-0.28042167
1853-04,-0.38631994
1853-05,-0.2678886
1853-06,-0.1423762
1853-07,-0.08344058
1853-08,-0.056647103
1853-09,-0.2502504
1853-10,-0.391768
1853-11,-0.41142052
1853-12,-0.33739907
1854-01,-0.3813734
1854-02,-0.36109406
1854-03,-0.24269956
1854-04,-0.3338324
1854-05,-0.2894821
1854-06,-0.29902688
1854-07,-0.17864197
1854-08,-0.23944739
1854-09,-0.21674344
1854-10,-0.09526511
1854-11,-0.41029203
1854-12,-0.4503518
1855-01,-0.15919624
1855-02,-0.31344938
1855-03,-0.34401497
1855-04,-0.21820337
1855-05,-0.38729364
1855-06,-0.3329626
1855-07,-0.3329893
1855-08,-0.19952463
1855-09,-0.27071294
1855-10,-0.19544719
1855-11,-0.38930947
1855-12,-0.41989732
1856-01,-0.075628236
1856-02,-0.33713824
1856-03,-0.35769272
1856-04,-0.3159384
1856-05,-0.28508008
1856-06,-0.21416615
1856-07,-0.22469248
1856-08,-0.23770598
1856-09,-0.38821492
1856-10,-0.4381357
1856-11,-0.55232793
1856-12,-0.4175237
1857-01,-0.49476224
1857-02,-0.43487996
1857-03,-0.47860673
1857-04,-0.6443354
1857-05,-0.65871185
1857-06,-0.30414528
1857-07,-0.4113695
1857-08,-0.36897412
1857-09,-0.37968943
1857-10,-0.47263545
1857-11,-0.6851335
1857-12,-0.27351704
1858-01,-0.29548538
1858-02,-0.47690183
1858-03,-0.5476575
1858-04,-0.42799428
1858-05,-0.5320951
1858-06,-0.37952122
1858-07,-0.3355508
1858-08,-0.27754986
1858-09,-0.28318587
1858-10,-0.2887329
1858-11,-0.36552474
1858-12,-0.4549887
1859-01,-0.38148466
1859-02,-0.34352297
1859-03,-0.31371728
1859-04,-0.15715948
1859-05,-0.15248476
1859-06,-0.24957645
1859-07,-0.31209
1859-08,-0.24464844
1859-09,-0.393858
1859-10,-0.25472045
1859-11,-0.2875482
1859-12,-0.28437135
1860-01,-0.39058298
1860-02,-0.4682912
1860-03,-0.7864609
1860-04,-0.30610728
1860-05,-0.36362675
1860-06,-0.21145956
1860-07,-0.1847646
1860-08,-0.1142386
1860-09,-0.13131975
1860-10,-0.3459595
1860-11,-0.60494
1860-12,-0.774231
1861-01,-0.91803956
1861-02,-0.6245886
1861-03,-0.41567025
1861-04,-0.38623625
1861-05,-0.66027
1861-06,-0.2513623
1861-07,-0.29667267
1861-08,-0.041093126
1861-09,-0.27033228
1861-10,-0.47664645
1861-11,-0.45758948
1861-12,-0.35085425
1862-01,-0.82483715
1862-02,-0.7155356
1862-03,-0.5353963
1862-04,-0.52208453
1862-05,-0.34752536
1862-06,-0.3066114
1862-07,-0.3448706
1862-08,-0.4561808
1862-09,-0.3624242
1862-10,-0.44867027
1862-11,-0.6777555
1862-12,-0.8945406
1863-01,-0.07634223
1863-02,-0.24953309
1863-03,-0.3549987
1863-04,-0.28827205
1863-05,-0.38365692
1863-06,-0.36828673
1863-07,-0.3123347
1863-08,-0.29738235
1863-09,-0.35204113
1863-10,-0.5043272
1863-11,-0.44055805
1863-12,-0.50319576
1864-01,-0.8532364
1864-02,-0.5934415
1864-03,-0.49939686
1864-04,-0.54358864
1864-05,-0.32381108
1864-06,-0.11254485
1864-07,-0.25960582
1864-08,-0.3079488
1864-09,-0.4425317
1864-10,-0.6029094
1864-11,-0.45623875
1864-12,-0.5903272
1865-01,-0.17609702
1865-02,-0.46668038
1865-03,-0.66122115
1865-04,-0.4481533
1865-05,-0.37746775
1865-06,-0.19515869
1865-07,-0.2152483
1865-08,-0.21177977
1865-09,-0.17093047
1865-10,-0.26942545
1865-11,-0.33705235
1865-12,-0.4605614
1866-01,-0.1320992
1866-02,-0.40108874
1866-03,-0.6821522
1866-04,-0.4543501
1866-05,-0.5728256
1866-06,-0.09814961
1866-07,-0.008290062
1866-08,-0.2494715
1866-09,-0.37775257
1866-10,-0.4206272
1866-11,-0.29829076
1866-12,-0.40035242
1867-01,-0.40518752
1867-02,-0.3535976
1867-03,-0.6812414
1867-04,-0.4213023
1867-05,-0.5748245
1867-06,-0.35035887
1867-07,-0.25275818
1867-08,-0.33047715
1867-09,-0.14789358
1867-10,-0.12525536
1867-11,-0.19566038
1867-12,-0.44537255
1868-01,-0.6848776
1868-02,-0.69327545
1868-03,-0.33387566
1868-04,-0.36299402
1868-05,-0.2855361
1868-06,-0.29688424
1868-07,-0.059621982
1868-08,-0.1932709
1868-09,-0.34477365
1868-10,-0.22966905
1868-11,-0.42318085
1868-12,-0.31396636
1869-01,-0.33569098
1869-02,0.13131645
1869-03,-0.6260294
1869-04,-0.40569928
1869-05,-0.3099707
1869-06,-0.38451383
1869-07,-0.41707024
1869-08,-0.16793925
1869-09,-0.17162752
1869-10,-0.2934824
1869-11,-0.2818132
1869-12,-0.5365831
1870-01,-0.21106681
1870-02,-0.4548541
1870-03,-0.4983347
1870-04,-0.33294046
1870-05,-0.2977442
1870-06,-0.23123583
1870-07,-0.073357955
1870-08,-0.2582274
1870-09,-0.2023172
1870-10,-0.44285795
1870-11,-0.2658218
1870-12,-0.6663718
1871-01,-0.55831134
1871-02,-0.6721459
1871-03,-0.17089234
1871-04,-0.22192766
1871-05,-0.36220172
1871-06,-0.2864155
1871-07,-0.082433164
1871-08,-0.32236677
1871-09,-0.36107233
1871-10,-0.37327537
1871-11,-0.5226968
1871-12,-0.48901418
1872-01,-0.59878874
1872-02,-0.6208213
1872-03,-0.52365935
1872-04,-0.3854148
1872-05,-0.14151993
1872-06,-0.27941555
1872-07,-0.14631678
1872-08,0.008637112
1872-09,-0.17648244
1872-10,-0.2035192
1872-11,-0.32202852
1872-12,-0.5479975
1873-01,-0.26165044
1873-02,-0.28250718
1873-03,-0.4087238
1873-04,-0.4805553
1873-05,-0.35092077
1873-06,-0.32054913
1873-07,-0.17570111
1873-08,-0.22783396
1873-09,-0.40525547
1873-10,-0.3906487
1873-11,-0.46331128
1873-12,-0.3279057
1874-01,-0.19854628
1874-02,-0.43842116
1874-03,-0.6729315
1874-04,-0.4370358
1874-05,-0.33399135
1874-06,-0.56584716
1874-07,-0.16706698
1874-08,-0.2960711
1874-09,-0.16819394
1874-10,-0.47115755
1874-11,-0.41774487
1874-12,-0.31200656
1875-01,-0.5711182
1875-02,-0.4792721
1875-03,-0.56430274
1875-04,-0.35805592
1875-05,-0.2728362
1875-06,-0.27996176
1875-07,-0.18206008
1875-08,-0.24648568
1875-09,-0.23427878
1875-10,-0.23321441
1875-11,-0.50920546
1875-12,-0.57672006
1876-01,-0.51370406
1876-02,-0.33739862
1876-03,-0.36232424
1876-04,-0.42427668
1876-05,-0.5904251
1876-06,-0.35227904
1876-07,-0.21372749
1876-08,-0.32724735
1876-09,-0.41784137
1876-10,-0.29983562
1876-11,-0.60684675
1876-12,-0.64341265
1877-01,-0.41108242
1877-02,-0.20926146
1877-03,-0.091358565
1877-04,-0.34591714
1877-05,-0.41127658
1877-06,-0.13819988
1877-07,-0.016253214
1877-08,0.21073052
1877-09,0.10758122
1877-10,0.11331653
1877-11,0.03397783
1877-12,-0.05556291
1878-01,-0.06979711
1878-02,0.22940955
1878-03,0.36132926
1878-04,0.18853737
1878-05,-0.122401364
1878-06,0.010291125
1878-07,-0.0772364
1878-08,-0.04655335
1878-09,0.020835022
1878-10,-0.1650159
1878-11,-0.14255811
1878-12,-0.3226224
1879-01,-0.23778471
1879-02,-0.26602048
1879-03,-0.2583884
1879-04,-0.38240048
1879-05,-0.3438711
1879-06,-0.28325993
1879-07,-0.2641225
1879-08,-0.26534295
1879-09,-0.23556925
1879-10,-0.15905875
1879-11,-0.397338
1879-12,-0.55045533
1880-01,-0.39386344
1880-02,-0.4498936
1880-03,-0.19438674
1880-04,-0.33803287
1880-05,-0.32535022
1880-06,-0.38053036
1880-07,-0.3148068
1880-08,-0.10718303
1880-09,-0.29703382
1880-10,-0.39094922
1880-11,-0.28068957
1880-12,-0.3172651
1881-01,-0.21463032
1881-02,-0.22458804
1881-03,-0.24820606
1881-04,-0.06252021
1881-05,-0.121898524
1881-06,-0.39908272
1881-07,-0.19404487
1881-08,-0.13816847
1881-09,-0.3007603
1881-10,-0.2305081
1881-11,-0.38121367
1881-12,-0.27132502
1882-01,-0.025385773
1882-02,-0.11726177
1882-03,-0.17708035
1882-04,-0.31474158
1882-05,-0.32572997
1882-06,-0.39225483
1882-07,-0.34102684
1882-08,-0.24510053
1882-09,-0.15044588
1882-10,-0.3990836
1882-11,-0.40350994
1882-12,-0.65474
1883-01,-0.47277278
1883-02,-0.4854322
1883-03,-0.26636964
1883-04,-0.4390349
1883-05,-0.3400283
1883-06,-0.1901544
1883-07,-0.21858145
1883-08,-0.28788334
1883-09,-0.3062682
1883-10,-0.3400996
1883-11,-0.39625064
1883-12,-0.41481745
1884-01,-0.44355372
1884-02,-0.33285657
1884-03,-0.50546813
1884-04,-0.5089616
1884-05,-0.5656212
1884-06,-0.5137893
1884-07,-0.5658637
1884-08,-0.429122
1884-09,-0.5043303
1884-10,-0.463346
1884-11,-0.5852065
1884-12,-0.4897219
1885-01,-0.65614164
1885-02,-0.5527572
1885-03,-0.42101642
1885-04,-0.63497037
1885-05,-0.60631216
1885-06,-0.63664883
1885-07,-0.42047033
1885-08,-0.4050678
1885-09,-0.35673314
1885-10,-0.36150765
1885-11,-0.38425598
1885-12,-0.21760142
1886-01,-0.479745
1886-02,-0.47879001
1886-03,-0.48723003
1886-04,-0.3615867
1886-05,-0.29257128
1886-06,-0.5019767
1886-07,-0.3021988
1886-08,-0.45738658
1886-09,-0.39079213
1886-10,-0.41297862
1886-11,-0.49078947
1886-12,-0.39479798
1887-01,-0.74377
1887-02,-0.65888214
1887-03,-0.44538546
1887-04,-0.48280382
1887-05,-0.5294594
1887-06,-0.52584267
1887-07,-0.38890877
1887-08,-0.44554248
1887-09,-0.3885525
1887-10,-0.4446146
1887-11,-0.43516165
1887-12,-0.49650568
1888-01,-0.6184704
1888-02,-0.58728784
1888-03,-0.59725916
1888-04,-0.35193178
1888-05,-0.41130793
1888-06,-0.3217171
1888-07,-0.3386262
1888-08,-0.31051376
1888-09,-0.32469457
1888-10,-0.16644995
1888-11,-0.26496226
1888-12,-0.2593257
1889-01,-0.2966627
1889-02,-0.006579389
1889-03,-0.08734918
1889-04,-0.08679018
1889-05,-0.15811297
1889-06,-0.21282648
1889-07,-0.28090227
1889-08,-0.30713442
1889-09,-0.34166074
1889-10,-0.37001047
1889-11,-0.5064449
1889-12,-0.34427297
1890-01,-0.53390056
1890-02,-0.46501267
1890-03,-0.6111193
1890-04,-0.49407724
1890-05,-0.53646934
1890-06,-0.49480304
1890-07,-0.48914096
1890-08,-0.46699485
1890-09,-0.482208
1890-10,-0.4391856
1890-11,-0.67008716
1890-12,-0.3992993
1891-01,-0.580199
1891-02,-0.59757084
1891-03,-0.36251077
1891-04,-0.4480748
1891-05,-0.34619385
1891-06,-0.375095
1891-07,-0.39966992
1891-08,-0.3548557
1891-09,-0.25669602
1891-10,-0.3429681
1891-11,-0.5339126
1891-12,-0.21803272
1892-01,-0.4647994
1892-02,-0.2896702
1892-03,-0.532998
1892-04,-0.5456076
1892-05,-0.4568904
1892-06,-0.43644238
1892-07,-0.5867592
1892-08,-0.508325
1892-09,-0.3824375
1892-10,-0.43382177
1892-11,-0.66069424
1892-12,-0.7922568
1893-01,-1.0448953
1893-02,-0.84499276
1893-03,-0.42680097
1893-04,-0.51484233
1893-05,-0.5721377
1893-06,-0.44231105
1893-07,-0.24375539
1893-08,-0.2869543
1893-09,-0.36513734
1893-10,-0.30426577
1893-11,-0.404811
1893-12,-0.4845268
1894-01,-0.6276136
1894-02,-0.42949706
1894-03,-0.51159126
1894-04,-0.53747475
1894-05,-0.5191684
1894-06,-0.583648
1894-07,-0.39212567
1894-08,-0.35357937
1894-09,-0.4396966
1894-10,-0.3990114
1894-11,-0.460066
1894-12,-0.551695
1895-01,-0.6359875
1895-02,-0.6417986
1895-03,-0.6178789
1895-04,-0.46109405
1895-05,-0.4825311
1895-06,-0.4253601
1895-07,-0.3349007
1895-08,-0.37724775
1895-09,-0.39428148
1895-10,-0.3257419
1895-11,-0.3213687
1895-12,-0.36682844
1896-01,-0.3152051
1896-02,-0.33662146
1896-03,-0.58836246
1896-04,-0.5460313
1896-05,-0.3561196
1896-06,-0.23009133
1896-07,-0.18243536
1896-08,-0.1715636
1896-09,-0.15527536
1896-10,-0.117941946
1896-11,-0.31405124
1896-12,-0.094388485
1897-01,-0.3000984
1897-02,-0.3486073
1897-03,-0.41547
1897-04,-0.1176401
1897-05,-0.11408215
1897-06,-0.1627357
1897-07,-0.18704693
1897-08,-0.1854231
1897-09,-0.18626954
1897-10,-0.21232262
1897-11,-0.4227442
1897-12,-0.46516183
1898-01,-0.19924784
1898-02,-0.55612665
1898-03,-0.8427487
1898-04,-0.663013
1898-05,-0.55958927
1898-06,-0.33471388
1898-07,-0.39475092
1898-08,-0.3894281
1898-09,-0.37076962
1898-10,-0.5009573
1898-11,-0.5286319
1898-12,-0.4895283
1899-01,-0.3598041
1899-02,-0.5540309
1899-03,-0.5889544
1899-04,-0.4393416
1899-05,-0.3589112
1899-06,-0.5010004
1899-07,-0.36553654
1899-08,-0.23979759
1899-09,-0.1515833
1899-10,-0.18313703
1899-11,-0.056940768
1899-12,-0.466166
1900-01,-0.5065189
1900-02,-0.20285846
1900-03,-0.1996692
1900-04,-0.22413279
1900-05,-0.30283663
1900-06,-0.21709992
1900-07,-0.19087769
1900-08,-0.21077268
1900-09,-0.19567777
1900-10,-0.06474688
1900-11,-0.26251248
1900-12,-0.23622343
1901-01,-0.28058165
1901-02,-0.2681851
1901-03,-0.20080307
1901-04,-0.17528863
1901-05,-0.24932855
1901-06,-0.23660955
1901-07,-0.32892776
1901-08,-0.20504455
1901-09,-0.3551397
1901-10,-0.34072286
1901-11,-0.39580756
1901-12,-0.48448405
1902-01,-0.43954477
1902-02,-0.23218735
1902-03,-0.4739756
1902-04,-0.4304807
1902-05,-0.43020976
1902-06,-0.44516006
1902-07,-0.3891313
1902-08,-0.42508107
1902-09,-0.37277043
1902-10,-0.50047225
1902-11,-0.56258446
1902-12,-0.5658808
1903-01,-0.43438736
1903-02,-0.24023621
1903-03,-0.39839762
1903-04,-0.58795786
1903-05,-0.51604986
1903-06,-0.5476417
1903-07,-0.5051698
1903-08,-0.60136807
1903-09,-0.5597119
1903-10,-0.66477305
1903-11,-0.62974554
1903-12,-0.7140063
1904-01,-0.80656
1904-02,-0.7698671
1904-03,-0.6964285
1904-04,-0.6467815
1904-05,-0.60934496
1904-06,-0.5641042
1904-07,-0.55299294
1904-08,-0.47835863
1904-09,-0.5965616
1904-10,-0.55299026
1904-11,-0.39655104
1904-12,-0.49959204
1905-01,-0.46335953
1905-02,-0.7201099
1905-03,-0.5239959
1905-04,-0.56017256
1905-05,-0.43417767
1905-06,-0.3425202
1905-07,-0.37304273
1905-08,-0.30441466
1905-09,-0.34512985
1905-10,-0.33508322
1905-11,-0.21722218
1905-12,-0.27429035
1906-01,-0.29661554
1906-02,-0.38851494
1906-03,-0.28945962
1906-04,-0.10394709
1906-05,-0.3764534
1906-06,-0.23246719
1906-07,-0.34288514
1906-08,-0.2716125
1906-09,-0.3529511
1906-10,-0.3222206
1906-11,-0.53171885
1906-12,-0.32045943
1907-01,-0.5292263
1907-02,-0.61851364
1907-03,-0.43785027
1907-04,-0.47791895
1907-05,-0.6449541
1907-06,-0.54397786
1907-07,-0.42500588
1907-08,-0.49093178
1907-09,-0.39859733
1907-10,-0.3358541
1907-11,-0.556291
1907-12,-0.58979434
1908-01,-0.46638778
1908-02,-0.41381732
1908-03,-0.7039844
1908-04,-0.588319
1908-05,-0.4529715
1908-06,-0.41270536
1908-07,-0.4009456
1908-08,-0.48116264
1908-09,-0.38762024
1908-10,-0.5746349
1908-11,-0.6452273
1908-12,-0.6380604
1909-01,-0.762844
1909-02,-0.5354324
1909-03,-0.6520392
1909-04,-0.6327117
1909-05,-0.5917152
1909-06,-0.49996263
1909-07,-0.5236611
1909-08,-0.33681288
1909-09,-0.41587806
1909-10,-0.49441093
1909-11,-0.38654533
1909-12,-0.5962325
1910-01,-0.43267882
1910-02,-0.52895504
1910-03,-0.6188239
1910-04,-0.5348015
1910-05,-0.53672475
1910-06,-0.55922884
1910-07,-0.43464226
1910-08,-0.38866886
1910-09,-0.4228183
1910-10,-0.48470154
1910-11,-0.6723143
1910-12,-0.75655586
1911-01,-0.66792786
1911-02,-0.70591265
1911-03,-0.7638631
1911-04,-0.6435215
1911-05,-0.6270833
1911-06,-0.55419534
1911-07,-0.4924836
1911-08,-0.50632066
1911-09,-0.49810326
1911-10,-0.34498498
1911-11,-0.3491855
1911-12,-0.3153667
1912-01,-0.32927233
1912-02,-0.31478965
1912-03,-0.5542118
1912-04,-0.33774602
1912-05,-0.3351191
1912-06,-0.28495222
1912-07,-0.50717443
1912-08,-0.5723381
1912-09,-0.64362735
1912-10,-0.6789801
1912-11,-0.5577874
1912-12,-0.59046507
1913-01,-0.5635126
1913-02,-0.5499484
1913-03,-0.6056625
1913-04,-0.533902
1913-05,-0.5410281
1913-06,-0.5513428
1913-07,-0.47683704
1913-08,-0.3954589
1913-09,-0.4167614
1913-10,-0.43822035
1913-11,-0.36757883
1913-12,-0.16388014
1914-01,-0.07832726
1914-02,-0.26996037
1914-03,-0.3973331
1914-04,-0.4087523
1914-05,-0.30774707
1914-06,-0.30783066
1914-07,-0.2967975
1914-08,-0.24444422
1914-09,-0.30123475
1914-10,-0.11011493
1914-11,-0.1901363
1914-12,-0.2365605
1915-01,-0.2872971
1915-02,-0.22026111
1915-03,-0.19383056
1915-04,-0.08245257
1915-05,-0.16790764
1915-06,-0.1719328
1915-07,-0.16885509
1915-08,-0.06664396
1915-09,-0.120124
1915-10,-0.28593215
1915-11,-0.17264453
1915-12,-0.36218482
1916-01,-0.33768356
1916-02,-0.26385295
1916-03,-0.43891233
1916-04,-0.37498996
1916-05,-0.41793218
1916-06,-0.49464902
1916-07,-0.3846926
1916-08,-0.29657167
1916-09,-0.32167742
1916-10,-0.37422758
1916-11,-0.5140146
1916-12,-0.82107395
1917-01,-0.6890276
1917-02,-0.71578526
1917-03,-0.78410584
1917-04,-0.54591686
1917-05,-0.6440873
1917-06,-0.47867236
1917-07,-0.24506715
1917-08,-0.3326128
1917-09,-0.29776502
1917-10,-0.53541094
1917-11,-0.45904374
1917-12,-0.78634137
1918-01,-0.51777416
1918-02,-0.6719548
1918-03,-0.5788612
1918-04,-0.6232451
1918-05,-0.5250002
1918-06,-0.3862979
1918-07,-0.36936435
1918-08,-0.42960182
1918-09,-0.25802705
1918-10,-0.11865723
1918-11,-0.1895618
1918-12,-0.4240235
1919-01,-0.2510325
1919-02,-0.2418407
1919-03,-0.39185974
1919-04,-0.21117851
1919-05,-0.30771086
1919-06,-0.35747308
1919-07,-0.2996656
1919-08,-0.23790476
1919-09,-0.28582785
1919-10,-0.25858322
1919-11,-0.557303
1919-12,-0.50308895
1920-01,-0.2584196
1920-02,-0.54566646
1920-03,-0.17184976
1920-04,-0.3363508
1920-05,-0.25605178
1920-06,-0.2378713
1920-07,-0.3002392
1920-08,-0.22637759
1920-09,-0.1962272
1920-10,-0.21753603
1920-11,-0.34541765
1920-12,-0.4882535
1921-01,-0.21738231
1921-02,-0.2949843
1921-03,-0.3424
1921-04,-0.29073176
1921-05,-0.3013633
1921-06,-0.15416723
1921-07,-0.15516737
1921-08,-0.32111764
1921-09,-0.20687608
1921-10,-0.13420631
1921-11,-0.1956902
1921-12,-0.27124575
1922-01,-0.41884497
1922-02,-0.40857023
1922-03,-0.34390998
1922-04,-0.2908718
1922-05,-0.46940997
1922-06,-0.2924666
1922-07,-0.25884026
1922-08,-0.35566163
1922-09,-0.3243542
1922-10,-0.34490773
1922-11,-0.25516132
1922-12,-0.30516568
1923-01,-0.40348002
1923-02,-0.4941863
1923-03,-0.455376
1923-04,-0.4101365
1923-05,-0.40362665
1923-06,-0.252443
1923-07,-0.41938844
1923-08,-0.32360032
1923-09,-0.34068474
1923-10,-0.17620523
1923-11,-0.033261124
1923-12,-0.099794105
1924-01,-0.32685283
1924-02,-0.31502405
1924-03,-0.17569311
1924-04,-0.34221616
1924-05,-0.21731487
1924-06,-0.2752915
1924-07,-0.29365906
1924-08,-0.31698474
1924-09,-0.33043325
1924-10,-0.36558887
1924-11,-0.29047823
1924-12,-0.49208373
1925-01,-0.49136698
1925-02,-0.4850451
1925-03,-0.37347955
1925-04,-0.30666956
1925-05,-0.30524135
1925-06,-0.3338653
1925-07,-0.3305973
1925-08,-0.16801853
1925-09,-0.25865942
1925-10,-0.28825894
1925-11,-0.058825377
1925-12,0.014323629
1926-01,0.08280991
1926-02,-0.034752987
1926-03,0.023852488
1926-04,-0.15770821
1926-05,-0.26975292
1926-06,-0.18253578
1926-07,-0.20816748
1926-08,-0.099735446
1926-09,-0.11760381
1926-10,-0.06968422
1926-11,-0.11550855
1926-12,-0.32187304
1927-01,-0.31094587
1927-02,-0.21181238
1927-03,-0.41866517
1927-04,-0.31421232
1927-05,-0.2297561
1927-06,-0.24802026
1927-07,-0.20455241
1927-08,-0.21301645
1927-09,-0.11935696
1927-10,-0.02937854
1927-11,-0.12638232
1927-12,-0.32326442
1928-01,-0.016804647
1928-02,-0.12436657
1928-03,-0.31927732
1928-04,-0.23490348
1928-05,-0.30116624
1928-06,-0.32642776
1928-07,-0.18801957
1928-08,-0.17821808
1928-09,-0.20647411
1928-10,-0.18374065
1928-11,-0.17178863
1928-12,-0.22640261
1929-01,-0.4361398
1929-02,-0.6033721
1929-03,-0.48683798
1929-04,-0.43701932
1929-05,-0.43421718
1929-06,-0.4085424
1929-07,-0.43930697
1929-08,-0.265994
1929-09,-0.2770237
1929-10,-0.22095427
1929-11,-0.13986555
1929-12,-0.56004316
1930-01,-0.3631465
1930-02,-0.35584557
1930-03,-0.24732774
1930-04,-0.23128887
1930-05,-0.25067642
1930-06,-0.20374553
1930-07,-0.1882644
1930-08,-0.09765256
1930-09,-0.092231415
1930-10,-0.090577535
1930-11,0.06376379
1930-12,-0.06467221
1931-01,-0.13693942
1931-02,-0.25869054
1931-03,-0.10919362
1931-04,-0.17070462
1931-05,-0.19289996
1931-06,-0.02544678
1931-07,-0.008178203
1931-08,-0.026662722
1931-09,-0.051968556
1931-10,-0.026985472
1931-11,-0.13579522
1931-12,-0.097307
1932-01,0.07975415
1932-02,-0.17805381
1932-03,-0.19476578
1932-04,-0.061219946
1932-05,-0.15982142
1932-06,-0.25541136
1932-07,-0.12971984
1932-08,-0.18982057
1932-09,-0.000550666
1932-10,-0.09439127
1932-11,-0.29486138
1932-12,-0.26667866
1933-01,-0.3110911
1933-02,-0.35099408
1933-03,-0.3851552
1933-04,-0.2847052
1933-05,-0.2769364
1933-06,-0.32360965
1933-07,-0.2903949
1933-08,-0.15375972
1933-09,-0.32664743
1933-10,-0.245828
1933-11,-0.40483868
1933-12,-0.5141726
1934-01,-0.3232675
1934-02,-0.14517304
1934-03,-0.43105683
1934-04,-0.37176275
1934-05,-0.14018926
1934-06,-0.09232751
1934-07,-0.17809097
1934-08,-0.11440116
1934-09,-0.13450967
1934-10,-0.08177011
1934-11,0.031826723
1934-12,-0.111320116
1935-01,-0.3479727
1935-02,0.049721587
1935-03,-0.21446314
1935-04,-0.3228377
1935-05,-0.31434223
1935-06,-0.2092866
1935-07,-0.14094204
1935-08,-0.14877552
1935-09,-0.19052882
1935-10,-0.055213235
1935-11,-0.32153568
1935-12,-0.25653479
1936-01,-0.39848116
1936-02,-0.34311995
1936-03,-0.3291645
1936-04,-0.1883213
1936-05,-0.17232911
1936-06,-0.14899857
1936-07,-0.06987007
1936-08,-0.07327964
1936-09,-0.108766146
1936-10,-0.041382577
1936-11,-0.054110777
1936-12,-0.10642759
1937-01,-0.12685171
1937-02,0.066486835
1937-03,-0.26192868
1937-04,-0.12121344
1937-05,-0.091207266
1937-06,-0.008428331
1937-07,0.019690081
1937-08,0.036828596
1937-09,0.14490855
1937-10,0.12801065
1937-11,0.061703082
1937-12,-0.0783857
1938-01,0.04551444
1938-02,-0.009824214
1938-03,-0.015279184
1938-04,0.040003248
1938-05,-0.095915005
1938-06,-0.09364482
1938-07,-0.04622565
1938-08,-0.002844417
1938-09,0.01991738
1938-10,0.16282216
1938-11,0.054737236
1938-12,-0.20567001
1939-01,-0.12178783
1939-02,-0.117604576
1939-03,-0.28873175
1939-04,-0.10640295
1939-05,-0.030052261
1939-06,0.014760026
1939-07,-0.037748978
1939-08,-0.04066755
1939-09,-0.017160367
1939-10,-0.09934573
1939-11,0.021302136
1939-12,0.3338734
1940-01,-0.052654903
1940-02,0.08632718
1940-03,-0.035766255
1940-04,0.14895234
1940-05,0.050241154
1940-06,0.044663727
1940-07,0.1482532
1940-08,0.09961082
1940-09,0.13118677
1940-10,0.09584135
1940-11,-0.004656185
1940-12,0.19923063
1941-01,-0.039561044
1941-02,0.11823883
1941-03,-0.11652538
1941-04,0.036228586
1941-05,0.061234996
1941-06,0.0596246
1941-07,0.16075781
1941-08,0.039676894
1941-09,-0.14452067
1941-10,0.21426645
1941-11,-0.007257905
1941-12,0.07538845
1942-01,0.25783694
1942-02,0.016801016
1942-03,-0.04157948
1942-04,-0.015153578
1942-05,0.123790585
1942-06,0.030325836
1942-07,-0.059752498
1942-08,-0.05740612
1942-09,-0.013465349
1942-10,-0.08694347
1942-11,-0.057510037
1942-12,-0.08007102
1943-01,-0.18267335
1943-02,-0.0306142
1943-03,-0.1677273
1943-04,0.022969475
1943-05,0.035509173
1943-06,-0.07487101
1943-07,0.018335527
1943-08,0.031700876
1943-09,-0.013441508
1943-10,0.2277136
1943-11,0.10388872
1943-12,0.10626899
1944-01,0.31816214
1944-02,0.11862034
1944-03,0.12006746
1944-04,0.04225582
1944-05,0.11992569
1944-06,0.10735916
1944-07,0.14871696
1944-08,0.20666182
1944-09,0.16769068
1944-10,0.20805594
1944-11,0.08847658
1944-12,0.083269015
1945-01,0.0950804
1945-02,0.048399482
1945-03,0.038658116
1945-04,0.2098529
1945-05,-0.061685726
1945-06,-0.03652022
1945-07,0.000423247
1945-08,0.2362124
1945-09,0.1028386
1945-10,0.094233386
1945-11,-0.010639086
1945-12,-0.19979328
1946-01,0.046495292
1946-02,-0.11574648
1946-03,-0.1215766
1946-04,-0.001070162
1946-05,-0.0827189
1946-06,-0.27002892
1946-07,-0.109389625
1946-08,-0.15412526
1946-09,-0.09819822
1946-10,-0.06812635
1946-11,-0.10808773
1946-12,-0.3432024
1947-01,-0.15051118
1947-02,-0.1410642
1947-03,-0.07618308
1947-04,-0.054869857
1947-05,-0.070801094
1947-06,-0.092732966
1947-07,-0.06481824
1947-08,-0.11288264
1947-09,-0.16043018
1947-10,0.033811674
1947-11,0.02912334
1947-12,-0.2331089
1948-01,-0.018996688
1948-02,-0.23857602
1948-03,-0.28302348
1948-04,-0.11460242
1948-05,0.057578262
1948-06,-0.008215971
1948-07,-0.12959683
1948-08,-0.047574744
1948-09,-0.13380374
1948-10,-0.05680375
1948-11,-0.17333214
1948-12,-0.34898767
1949-01,-0.018577993
1949-02,-0.24225979
1949-03,-0.10957825
1949-04,-0.14671285
1949-05,-0.11125476
1949-06,-0.23316567
1949-07,-0.18007946
1949-08,-0.07750365
1949-09,-0.123270296
1949-10,-0.08973549
1949-11,-0.1810419
1949-12,-0.21244651
1950-01,-0.3000435
1950-02,-0.3700363
1950-03,-0.21643846
1950-04,-0.24361575
1950-05,-0.13729782
1950-06,-0.105043374
1950-07,-0.10670231
1950-08,-0.15261763
1950-09,-0.24503586
1950-10,-0.20104446
1950-11,-0.38081577
1950-12,-0.2607705
1951-01,-0.3603426
1951-02,-0.50937843
1951-03,-0.2620192
1951-04,-0.108077675
1951-05,0.03226914
1951-06,0.060181145
1951-07,0.03866412
1951-08,0.12133113
1951-09,0.13226272
1951-10,0.12436143
1951-11,-0.07229671
1951-12,0.06919738
1952-01,0.09402649
1952-02,0.068350874
1952-03,-0.16353905
1952-04,0.045588057
1952-05,0.022243632
1952-06,0.023484357
1952-07,0.09006012
1952-08,0.096942395
1952-09,0.09621102
1952-10,-0.016534438
1952-11,-0.13228506
1952-12,-0.040293824
1953-01,-0.009005203
1953-02,0.09501187
1953-03,0.01800697
1953-04,0.22455436
1953-05,0.14901619
1953-06,0.1404282
1953-07,0.043144584
1953-08,0.08707856
1953-09,0.08630111
1953-10,0.08342033
1953-11,-0.005809958
1953-12,0.019422
1954-01,-0.24345858
1954-02,-0.08907446
1954-03,-0.18339795
1954-04,-0.11477197
1954-05,-0.17059736
1954-06,-0.1296339
1954-07,-0.19616233
1954-08,-0.10182279
1954-09,-0.11330111
1954-10,-0.011538466
1954-11,0.11638409
1954-12,-0.16362791
1955-01,0.10597792
1955-02,-0.1927132
1955-03,-0.3963697
1955-04,-0.22909744
1955-05,-0.23882908
1955-06,-0.17836486
1955-07,-0.20829603
1955-08,-0.08842416
1955-09,-0.14314792
1955-10,-0.11328784
1955-11,-0.32083791
1955-12,-0.36432907
1956-01,-0.2403825
1956-02,-0.2824351
1956-03,-0.35645258
1956-04,-0.30645928
1956-05,-0.33606264
1956-06,-0.22652255
1956-07,-0.2106352
1956-08,-0.28964865
1956-09,-0.2734754
1956-10,-0.26315844
1956-11,-0.21516415
1956-12,-0.1575909
1957-01,-0.22153513
1957-02,-0.15856387
1957-03,-0.1975386
1957-04,-0.041761864
1957-05,0.03177997
1957-06,0.06454678
1957-07,-0.06267592
1957-08,0.07285775
1957-09,0.041351955
1957-10,-0.000792038
1957-11,-0.00397586
1957-12,0.05228784
1958-01,0.25472188
1958-02,0.09280767
1958-03,0.00525536
1958-04,-0.069508456
1958-05,0.016476592
1958-06,-0.15305896
1958-07,-0.020030653
1958-08,-0.083085604
1958-09,-0.11479923
1958-10,-0.019471264
1958-11,-0.038575903
1958-12,-0.08232217
1959-01,0.013691866
1959-02,-0.005083976
1959-03,0.016677847
1959-04,0.026267799
1959-05,-0.03853143
1959-06,-0.001816517
1959-07,-0.043648165
1959-08,-0.041345503
1959-09,-0.14124896
1959-10,-0.071337834
1959-11,-0.18634169
1959-12,-0.10334121
1960-01,-0.11465857
1960-02,0.022811415
1960-03,-0.44688362
1960-04,-0.26193932
1960-05,-0.17903735
1960-06,-0.1261228
1960-07,-0.11407162
1960-08,-0.006230719
1960-09,0.003214442
1960-10,-0.031158555
1960-11,-0.21504581
1960-12,0.0836075
1961-01,-0.052229382
1961-02,0.09082819
1961-03,-0.061647724
1961-04,0.06100269
1961-05,0.067880936
1961-06,0.08760505
1961-07,-0.03974989
1961-08,-0.016852155
1961-09,-0.0302049
1961-10,-0.06376159
1961-11,-0.031068904
1961-12,-0.25179955
1962-01,-0.057049707
1962-02,0.012157755
1962-03,0.018748457
1962-04,-0.026072158
1962-05,-0.18164511
1962-06,-0.056267038
1962-07,-0.10915736
1962-08,-0.10973202
1962-09,-0.07479754
1962-10,-0.038202044
1962-11,-0.020875225
1962-12,-0.12562062
1963-01,-0.121948205
1963-02,0.040044732
1963-03,-0.34099978
1963-04,-0.17912985
1963-05,-0.1466549
1963-06,-0.06680599
1963-07,0.05953688
1963-08,0.14581573
1963-09,0.12200318
1963-10,0.06423311
1963-11,0.04470364
1963-12,-0.062525906
1964-01,-0.19452871
1964-02,-0.223004
1964-03,-0.3828084
1964-04,-0.44159797
1964-05,-0.37418637
1964-06,-0.16659828
1964-07,-0.20062846
1964-08,-0.30053315
1964-09,-0.4045793
1964-10,-0.3114203
1964-11,-0.2988282
1964-12,-0.3716253
1965-01,-0.16228765
1965-02,-0.26308638
1965-03,-0.2597473
1965-04,-0.29863885
1965-05,-0.19200662
1965-06,-0.20754607
1965-07,-0.26655743
1965-08,-0.1619956
1965-09,-0.24531643
1965-10,-0.10577728
1965-11,-0.1437657
1965-12,-0.14632036
1966-01,-0.28320545
1966-02,-0.16757782
1966-03,-0.17084473
1966-04,-0.17045191
1966-05,-0.21859409
1966-06,-0.10499999
1966-07,0.003039209
1966-08,-0.10166964
1966-09,-0.08658218
1966-10,-0.23768093
1966-11,-0.10768294
1966-12,-0.14052084
1967-01,-0.2196016
1967-02,-0.32817867
1967-03,-0.093743384
1967-04,-0.13242689
1967-05,0.056886423
1967-06,-0.108169004
1967-07,-0.067892365
1967-08,-0.099165745
1967-09,-0.12451488
1967-10,-0.020286117
1967-11,-0.119650505
1967-12,-0.1537288
1968-01,-0.32466495
1968-02,-0.26771057
1968-03,-0.003727614
1968-04,-0.18043023
1968-05,-0.22605889
1968-06,-0.15176927
1968-07,-0.19500259
1968-08,-0.12997681
1968-09,-0.22645247
1968-10,0.008175721
1968-11,-0.13496026
1968-12,-0.1911928
1969-01,-0.16237703
1969-02,-0.1970935
1969-03,-0.13277549
1969-04,0.04925599
1969-05,0.0651022
1969-06,0.005681608
1969-07,-0.10921872
1969-08,-0.07289227
1969-09,-0.013110088
1969-10,0.000908772
1969-11,0.023137517
1969-12,0.16674611
1970-01,0.014005816
1970-02,0.06375931
1970-03,-0.088141814
1970-04,-0.07942116
1970-05,-0.14051014
1970-06,-0.1370101
1970-07,-0.1120087
1970-08,-0.1992122
1970-09,-0.030715683
1970-10,-0.06031036
1970-11,-0.058197107
1970-12,-0.1930069
1971-01,-0.14365958
1971-02,-0.27261534
1971-03,-0.33664554
1971-04,-0.23293433
1971-05,-0.19747424
1971-06,-0.2552373
1971-07,-0.18479517
1971-08,-0.1812137
1971-09,-0.12637776
1971-10,-0.15617602
1971-11,-0.15279908
1971-12,-0.23074044
1972-01,-0.3790429
1972-02,-0.27782813
1972-03,-0.14302953
1972-04,-0.12759806
1972-05,-0.08247454
1972-06,-0.03190945
1972-07,-0.092689134
1972-08,0.061222523
1972-09,-0.052398738
1972-10,-0.056839254
1972-11,-0.051805325
1972-12,0.10889673
1973-01,0.10086998
1973-02,0.1593302
1973-03,0.11498211
1973-04,0.19915816
1973-05,0.10814759
1973-06,0.106045224
1973-07,0.01621605
1973-08,-0.027515162
1973-09,-0.035152175
1973-10,0.010876736
1973-11,-0.02516409
1973-12,-0.12839271
1974-01,-0.28239965
1974-02,-0.44658348
1974-03,-0.23716222
1974-04,-0.20142692
1974-05,-0.12658533
1974-06,-0.11528032
1974-07,-0.13587229
1974-08,0.023082737
1974-09,-0.09269041
1974-10,-0.11529485
1974-11,-0.12621354
1974-12,-0.21389249
1975-01,-0.09662904
1975-02,-0.020880992
1975-03,-0.011129205
1975-04,-0.05196851
1975-05,0.053007238
1975-06,-0.060783383
1975-07,-0.10466969
1975-08,-0.23242185
1975-09,-0.139501
1975-10,-0.15371259
1975-11,-0.2635898
1975-12,-0.24677177
1976-01,-0.16959344
1976-02,-0.23186116
1976-03,-0.33692363
1976-04,-0.18590005
1976-05,-0.35880584
1976-06,-0.23953491
1976-07,-0.17275204
1976-08,-0.24235126
1976-09,-0.15114157
1976-10,-0.3322862
1976-11,-0.13943368
1976-12,-0.029459003
1977-01,0.15336624
1977-02,0.10381473
1977-03,0.074755356
1977-04,0.13446577
1977-05,0.2277134
1977-06,0.20780508
1977-07,0.14251913
1977-08,0.1298329
1977-09,-0.001990325
1977-10,-0.01617223
1977-11,0.12106576
1977-12,-0.04011386
1978-01,0.0369956
1978-02,0.073855095
1978-03,0.059286058
1978-04,0.05321851
1978-05,0.011515919
1978-06,-0.055066388
1978-07,0.016265042
1978-08,-0.216745
1978-09,0.04174579
1978-10,-0.05992818
1978-11,0.091702186
1978-12,0.010227026
1979-01,0.05168113
1979-02,-0.17951804
1979-03,0.06694149
1979-04,0.07699991
1979-05,-0.022435691
1979-06,0.050191678
1979-07,0.018005783
1979-08,0.114524774
1979-09,0.17285156
1979-10,0.14730756
1979-11,0.20778541
1979-12,0.3859621
1980-01,0.25272593
1980-02,0.36070427
1980-03,0.21667257
1980-04,0.23393519
1980-05,0.24568768
1980-06,0.13180715
1980-07,0.20636386
1980-08,0.16441017
1980-09,0.123579785
1980-10,0.09704444
1980-11,0.20625898
1980-12,0.11367448
1981-01,0.4439039
1981-02,0.33654696
1981-03,0.33077416
1981-04,0.19894965
1981-05,0.14773265
1981-06,0.24469398
1981-07,0.26434666
1981-08,0.31205258
1981-09,0.1367701
1981-10,0.055293642
1981-11,0.1656687
1981-12,0.36341155
1982-01,-0.024068594
1982-02,0.06821725
1982-03,-0.1369822
1982-04,0.020402614
1982-05,0.09071935
1982-06,-0.001254813
1982-07,0.07584497
1982-08,-0.045588225
1982-09,0.016534334
1982-10,0.04106187
1982-11,0.029048143
1982-12,0.27728468
1983-01,0.35842478
1983-02,0.3363557
1983-03,0.24756566
1983-04,0.17535259
1983-05,0.22204518
1983-06,0.16691585
1983-07,0.11492752
1983-08,0.28377086
1983-09,0.32571247
1983-10,0.113148436
1983-11,0.24547735
1983-12,0.0960217
1984-01,0.1576408
1984-02,0.020020127
1984-03,0.1439819
1984-04,0.010137946
1984-05,0.2143315
1984-06,-0.03857527
1984-07,0.02486529
1984-08,0.08923666
1984-09,0.12705976
1984-10,0.040902104
1984-11,-0.057650078
1984-12,-0.15602852
1985-01,0.115555644
1985-02,-0.10418369
1985-03,0.04271181
1985-04,0.002820431
1985-05,0.06798743
1985-06,0.121178225
1985-07,-0.02289171
1985-08,0.1431363
1985-09,0.11767927
1985-10,0.039328292
1985-11,0.018120654
1985-12,0.055314235
1986-01,0.11670122
1986-02,0.3093587
1986-03,0.13820969
1986-04,0.13485679
1986-05,0.13101044
1986-06,0.039869364
1986-07,0.042954315
1986-08,0.08790163
1986-09,0.024142634
1986-10,0.051004633
1986-11,0.040114276
1986-12,0.032120056
1987-01,0.22004543
1987-02,0.31599584
1987-03,0.1042513
1987-04,0.1889308
1987-05,0.16939571
1987-06,0.26585028
1987-07,0.347692
1987-08,0.21050136
1987-09,0.26593548
1987-10,0.2695624
1987-11,0.18613103
1987-12,0.37202516
1988-01,0.4591288
1988-02,0.3330214
1988-03,0.38519627
1988-04,0.32767174
1988-05,0.31933275
1988-06,0.3303666
1988-07,0.2556859
1988-08,0.25767827
1988-09,0.25825685
1988-10,0.25470895
1988-11,0.0285716
1988-12,0.17620139
1989-01,-0.026004888
1989-02,0.23738526
1989-03,0.18512803
1989-04,0.1495858
1989-05,0.03825671
1989-06,0.09383324
1989-07,0.26380813
1989-08,0.25223345
1989-09,0.29773393
1989-10,0.2600191
1989-11,0.115310386
1989-12,0.28371435
1990-01,0.2827738
1990-02,0.2788483
1990-03,0.63478655
1990-04,0.49402463
1990-05,0.4059697
1990-06,0.31542733
1990-07,0.3796524
1990-08,0.28095096
1990-09,0.22031836
1990-10,0.38645974
1990-11,0.35899168
1990-12,0.28878507
1991-01,0.3034012
1991-02,0.40704578
1991-03,0.24740826
1991-04,0.43600875
1991-05,0.31398755
1991-06,0.43347692
1991-07,0.46741664
1991-08,0.3620418
1991-09,0.35283542
1991-10,0.2511824
1991-11,0.25364137
1991-12,0.23831233
1992-01,0.3629284
1992-02,0.34844956
1992-03,0.30922502
1992-04,0.16185245
1992-05,0.16797757
1992-06,0.15643437
1992-07,0.005340178
1992-08,0.03774724
1992-09,-0.08989003
1992-10,-0.022682443
1992-11,-0.03733938
1992-12,0.0987191
1993-01,0.26102683
1993-02,0.28333458
1993-03,0.23608024
1993-04,0.19514886
1993-05,0.19561708
1993-06,0.16445984
1993-07,0.15863113
1993-08,0.08418279
1993-09,0.045521
1993-10,0.15051647
1993-11,0.06566902
1993-12,0.14829841
1994-01,0.20031653
1994-02,0.014015382
1994-03,0.2354704
1994-04,0.25558197
1994-05,0.20769495
1994-06,0.3143522
1994-07,0.18217762
1994-08,0.1732785
1994-09,0.2722316
1994-10,0.34696406
1994-11,0.3531186
1994-12,0.24739553
1995-01,0.4136034
1995-02,0.64013445
1995-03,0.35640875
1995-04,0.42731202
1995-05,0.26464343
1995-06,0.37844232
1995-07,0.4418498
1995-08,0.391613
1995-09,0.27957153
1995-10,0.3794013
1995-11,0.3753971
1995-12,0.17401667
1996-01,0.21639673
1996-02,0.46155682
1996-03,0.28837228
1996-04,0.2516304
1996-05,0.23714958
1996-06,0.21651417
1996-07,0.32539067
1996-08,0.35149437
1996-09,0.20457508
1996-10,0.1276655
1996-11,0.31625834
1996-12,0.32326874
1997-01,0.249036
1997-02,0.3044231
1997-03,0.39708522
1997-04,0.3775284
1997-05,0.31710884
1997-06,0.4917558
1997-07,0.3461336
1997-08,0.40574697
1997-09,0.4674913
1997-10,0.5718022
1997-11,0.61571497
1997-12,0.52387583
1998-01,0.56295884
1998-02,0.7973743
1998-03,0.5894701
1998-04,0.65089345
1998-05,0.63906676
1998-06,0.6679476
1998-07,0.6590942
1998-08,0.64562
1998-09,0.43478084
1998-10,0.41109028
1998-11,0.38224158
1998-12,0.48756233
1999-01,0.38727385
1999-02,0.6039604
1999-03,0.26383874
1999-04,0.26947567
1999-05,0.24778172
1999-06,0.32476828
1999-07,0.31040752
1999-08,0.3025803
1999-09,0.27602673
1999-10,0.3069994
1999-11,0.28691778
1999-12,0.31378937
2000-01,0.1813369
2000-02,0.49915195
2000-03,0.44504285
2000-04,0.5384152
2000-05,0.30583388
2000-06,0.35022554
2000-07,0.3257623
2000-08,0.3747202
2000-09,0.3107709
2000-10,0.19478567
2000-11,0.24529685
2000-12,0.20167485
2001-01,0.3641736
2001-02,0.3918914
2001-03,0.52045214
2001-04,0.45251644
2001-05,0.48934218
2001-06,0.44591305
2001-07,0.50912946
2001-08,0.5074936
2001-09,0.49257064
2001-10,0.46419922
2001-11,0.69211686
2001-12,0.54156554
2002-01,0.64738756
2002-02,0.64263743
2002-03,0.7994003
2002-04,0.56820667
2002-05,0.50280696
2002-06,0.4493149
2002-07,0.5694794
2002-08,0.4984804
2002-09,0.50192404
2002-10,0.50043756
2002-11,0.49447978
2002-12,0.34704286
2003-01,0.65388346
2003-02,0.48562348
2003-03,0.4836408
2003-04,0.47277167
2003-05,0.52228177
2003-06,0.42513412
2003-07,0.48383975
2003-08,0.6121032
2003-09,0.5746869
2003-10,0.6567764
2003-11,0.4990721
2003-12,0.6602281
2004-01,0.5089659
2004-02,0.6348689
2004-03,0.5282557
2004-04,0.52279246
2004-05,0.3509264
2004-06,0.3109701
2004-07,0.2371915
2004-08,0.45830214
2004-09,0.46726716
2004-10,0.52292866
2004-11,0.65105134
2004-12,0.41492847
2005-01,0.6500714
2005-02,0.5338276
2005-03,0.6459096
2005-04,0.63164985
2005-05,0.553209
2005-06,0.5688213
2005-07,0.55488116
2005-08,0.58098936
2005-09,0.6340549
2005-10,0.68443674
2005-11,0.64322066
2005-12,0.6012785
2006-01,0.49990448
2006-02,0.6455558
2006-03,0.5436838
2006-04,0.48621994
2006-05,0.47178113
2006-06,0.5718819
2006-07,0.4763779
2006-08,0.6333706
2006-09,0.5499711
2006-10,0.6137472
2006-11,0.6608606
2006-12,0.7172778
2007-01,0.8930489
2007-02,0.6396716
2007-03,0.59194857
2007-04,0.7261497
2007-05,0.58012205
2007-06,0.5006901
2007-07,0.5630122
2007-08,0.5837867
2007-09,0.5083473
2007-10,0.5590799
2007-11,0.5355275
2007-12,0.4190314
2008-01,0.21021165
2008-02,0.26930034
2008-03,0.6136748
2008-04,0.44805107
2008-05,0.43248922
2008-06,0.38399747
2008-07,0.5340773
2008-08,0.45276764
2008-09,0.5480162
2008-10,0.59095585
2008-11,0.63220257
2008-12,0.47205406
2009-01,0.590299
2009-02,0.4712784
2009-03,0.446841
2009-04,0.528052
2009-05,0.5503384
2009-06,0.62348837
2009-07,0.68074554
2009-08,0.6221325
2009-09,0.68177086
2009-10,0.6202137
2009-11,0.7060584
2009-12,0.6401616
2010-01,0.71060747
2010-02,0.790133
2010-03,0.8602273
2010-04,0.8335469
2010-05,0.7149151
2010-06,0.6450033
2010-07,0.617418
2010-08,0.6146318
2010-09,0.5642509
2010-10,0.64213544
2010-11,0.7345654
2010-12,0.43702212
2011-01,0.45676896
2011-02,0.42912033
2011-03,0.5563974
2011-04,0.60221565
2011-05,0.4433624
2011-06,0.5482127
2011-07,0.64491206
2011-08,0.6510249
2011-09,0.53794116
2011-10,0.5763366
2011-11,0.5112523
2011-12,0.4948284
2012-01,0.3695542
2012-02,0.4647088
2012-03,0.4209962
2012-04,0.6105001
2012-05,0.6589486
2012-06,0.629351
2012-07,0.5677964
2012-08,0.6449439
2012-09,0.64759123
2012-10,0.73216254
2012-11,0.7210487
2012-12,0.46368304
2013-01,0.6078035
2013-02,0.52651656
2013-03,0.5829416
2013-04,0.5748126
2013-05,0.55688584
2013-06,0.6593197
2013-07,0.5891785
2013-08,0.6352067
2013-09,0.7221902
2013-10,0.65039635
2013-11,0.7700115
2013-12,0.6076413
2014-01,0.6695645
2014-02,0.49080646
2014-03,0.694528
2014-04,0.7363123
2014-05,0.7370879
2014-06,0.61747456
2014-07,0.58096063
2014-08,0.73377496
2014-09,0.756769
2014-10,0.7423641
2014-11,0.6300028
2014-12,0.6848146
2015-01,0.7400083
2015-02,0.7817504
2015-03,0.79528373
2015-04,0.7009158
2015-05,0.7309857
2015-06,0.7596305
2015-07,0.7145488
2015-08,0.7991504
2015-09,0.82609314
2015-10,1.0153373
2015-11,0.9959859
2015-12,1.0416831
2016-01,1.0877535
2016-02,1.2235882
2016-03,1.1820778
2016-04,1.0296462
2016-05,0.8804874
2016-06,0.77708083
2016-07,0.77772677
2016-08,0.94857633
2016-09,0.8455436
2016-10,0.819029
2016-11,0.8444865
2016-12,0.7791289
2017-01,0.9519715
2017-02,1.0670907
2017-03,1.0645919
2017-04,0.84599763
2017-05,0.7798254
2017-06,0.6575457
2017-07,0.80458516
2017-08,0.81099087
2017-09,0.72930163
2017-10,0.809492
2017-11,0.8058706
2017-12,0.814828
2018-01,0.7106047
2018-02,0.7957914
2018-03,0.79007506
2018-04,0.8223178
2018-05,0.7131687
2018-06,0.73752576
2018-07,0.73341423
2018-08,0.73473924
2018-09,0.67586756
2018-10,0.86932087
2018-11,0.74476707
2018-12,0.82425606
2019-01,0.79959583
2019-02,0.8442263
2019-03,1.0757369
2019-04,0.9388049
2019-05,0.777625
2019-06,0.80911994
2019-07,0.8571952
2019-08,0.85825413
2019-09,0.8026575
2019-10,0.9556284
2019-11,0.9372168
2019-12,1.03681
2020-01,1.0694565
2020-02,1.1133686
2020-03,1.0943997
2020-04,1.0626721
2020-05,0.90792704
2020-06,0.82513344
2020-07,0.81607646
2020-08,0.80101144
2020-09,0.86708444
2020-10,0.810693
2020-11,1.0142177
2020-12,0.6930059
2021-01,0.70088863
2021-02,0.56458944
2021-03,0.7263092
2021-04,0.76023066
2021-05,0.7064444
2021-06,0.7133101
2021-07,0.79169667
2021-08,0.7994942
2021-09,0.86751384
2021-10,0.90740275
2021-11,0.8536295
2021-12,0.75135726
2022-01,0.77896076
2022-02,0.7635921
2022-03,0.88960093
2022-04,0.77034736
2022-05,0.7613604
2022-06,0.85821694
2022-07,0.7783804
2022-08,0.85328203
2022-09,0.79009986
2022-10,0.9288549
2022-11,0.67461526
2022-12,0.76835287
2023-01,0.77863723
2023-02,0.8693007
2023-03,1.1246681
2023-04,0.92748064
2023-05,0.8714032
2023-06,1.0518163
2023-07,1.1500274
2023-08,1.1992828
2023-09,1.3521734
2023-10,1.2866082
2023-11,1.3337783
2023-12,1.2585763
2024-01,1.151554
2024-02,1.2902366
2024-03,1.251485
2024-04,1.2052884
2024-05,1.0745293
2024-06,1.1154083
2024-07,1.1379998
2024-08,1.2395844
2024-09,1.1449373
2024-10,1.1999816
2024-11,1.2250495
2024-12,1.0962696
